respondent_id,anxiety_score
R_1LSRF7fdqw4CcQ0,84
R_3QDYIzai00XwLOm,25
R_1rxAD567hiwFbjA,41
R_1CwHOQCz8lgYC3z,44
R_3JbgBOfyEDa92mt,49
R_2rITmAqupsmBlEm,30
R_27r3LvxoducJcSU,53
R_1LZ3E31stle4CtA,58
R_3iqdgZp8Sm71hjB,56
R_1F9ZqNGXhGWybsL,47
R_AzIEQdCfgPCXGFP,50
R_2XanE53IebMqqEC,43
R_3n2Bo7sRbHfmfzQ,55
R_WdLgJj0K9li87fP,66
R_11jXdp3rYf4Mkcv,72
R_1mf1xShM3I9Qsmm,53
R_PzKIWdL6XInMjwR,63
R_1IGVHB7JYNfu39K,44
R_1ODLX5ydj3h6eCU,44
R_Owddqp9GCu0NXCp,46
R_2X5xzEnnimFqnFq,25
R_2cu8eFy8oG40zjl,70
R_BsRDA9F8NXGRWUx,54
R_3O2oZt1CSyajAp3,49
R_2qqtD5jRdF3OdML,42
R_3L4P59QWi4Lta2Z,37
R_2tb9E1KaESEk4eH,40
R_1l4E0EoyPPRDUHu,68
R_26fGqXC4kB0DHqQ,28
R_3KMBbuiM55IrkpY,47
R_3JIMUPHJIQizZYP,36
R_3fIWXECaKITXKB6,39
R_3h4j0z7YgVkobFA,56
R_3oMbQpQNOMSJXRC,39
R_3RrSvhk7NatolVd,54
R_1N2LPpNSfhjpdV8,61
R_2ZIA8gjyuTsHMBi,42
R_3dMS0biEIiUXclX,60
R_2tEazbCbPwn2j6d,52
R_Zr79Mr6pe02REKR,52
R_2rVmv5HPUpLzYpX,28
R_2DYnzijIIK3QlG4,61
R_DNADBrpffsXSdDb,52
R_2Ytuaypv8BwC8uU,51
R_3CneVj2VLtDPQ8V,48
R_1d0KM7jMHnInzID,44
R_w04d6o0WUx3t8BP,55
R_3OjfmSksXtVXFG7,48
R_1NCZVer8uosQHiE,30
R_1rjMoj8W68IM5dN,44
R_PGrLF42oxirSYDf,48
R_1gLNJgBJQ43m3rc,49
R_Q4cRoojDz29Gjol,60
R_3fP575Tw6XFk2ZQ,59
R_3NVu5KGaIy6zKEl,40
R_BM6pOWvYoMIw4nf,53
R_2ckO7kdY6DWSozr,57
R_3lFTmZJTDYJlc3L,37
R_2OTiGS8sGbcp2Qg,50
R_30wuDbCKF8c5Mce,53
R_1FS2s0R1waCQFfm,62
R_1gA2C1ea7peyPEd,39
R_2taWXUmopbWS0nf,50
R_1rrbpbIFzsjFmi8,35
R_25QoKAXDpKbnzZ2,54
R_2PmT05R99yUK8s5,44
R_bDebaxTDLqoj4yZ,44
R_2ALSuBNvDa5brHY,63
R_3RehDJqOexr5pD1,35
R_2dLwqI6kf1P9eDX,35
R_9TTsrlhCzeRHb5n,67
R_2D6oXP9D502HhUO,48
R_3kyWmXAI1tOHq00,42
R_poVtJk48V8H52vv,47
R_1OjYUlAUW8wxq6F,47
R_1j80tKGk2YtqyHo,31
R_1Ao6QqsWkavZIoF,71
R_2ASE80Ogw5BkDeP,58
R_22lxlhuN8Ey2QeB,41
R_3KOylYw88rI0goK,52
R_1IMjmySR9YhxjBk,47
R_tE5vBhIT7fWXEYx,58
R_zd3fPzXj0QOpXhf,53
R_bDCdrYwJ9oeDH5D,43
R_1jpM8jj1oDuaDe3,67
R_9QUcmMseiL82Tzb,46
R_2s09pWM8SK7HsZJ,41
R_qWoAwMB4lEZpkIN,42
R_3oOaZAtnfK9YdwE,60
R_dcVPn7uBtCDxa7L,31
R_1IGKuHpqNgRsv3A,42
R_2TMYoTMHgYadHhg,68
R_3qI65LFWrrsFTN4,36
R_2q9JNU9bl0z6qaY,76
R_qwmnzb4bPmEmXxT,64
R_2ZJilZyKgHWlt5P,48
R_3j7Zcj1HwBIPwnh,50
R_2sYoANdkeH6pmGo,54
R_2zShH7VGk0GGR66,59
R_2QJNKJaWmqq6kwF,60
R_3HIapLftZBPYnAy,52
R_2pQqZemJmfJIvsl,45
R_SOFQGnRKl5vtXEJ,66
R_2EF3vKUtta1FtIp,46
R_3CD8xhELY6ljRag,42
R_tPsLG8zd5VW52lX,45
R_2VwgdQkXVXZvLtV,32
R_3kueplR9HrWQKsd,44
R_25yYH3YI1G0qX0U,47
R_2WZGXdVNmH1FQdD,48
R_1pnh5a1HstQwLq3,42
R_3n2Vz7kaTRYcaVE,67
R_2vchewiQt6q9JkW,40
R_2VBGtv8BBKaiTxf,50
R_25uqjSeR0q8dBQX,47
R_3qJqlTwFvFQDb5B,42
R_2xW6MrDNZ5z3hzZ,51
R_3EMv1gfBOpWWGXS,54
R_3rHWRLTUbZHEfEG,47
R_2AFqOYq7BriHOxj,54
R_1lrBI2UWgzN19gQ,56
R_2P103JxUBTLJsJL,76
R_5vAQKhiR1QPh0LD,28
R_1doYqp2AI2rAhCF,51
R_3ExT0w5OgO8v2eb,41
R_322Ce4wkzK4aJbv,57
R_OOOdJ9PpboAPnSp,60
R_sXXjYWUyizJkXSx,32
R_1Lk63peQdqZUCJx,42
R_2pSnVN0afd7ZR9d,77
R_1rl8sztSokf9r56,28
R_1itxF4sqEABXx4y,43
R_12yfrKcM2nKq4Qt,66
R_31RfrRk2RhASQq4,57
R_1LUtj7dzSNmZ7Gn,45
R_Zq3AdwcLMTljc3L,58
R_1oegnHjqdUnBF9Q,45
R_yryBGY1HcMufVDP,41
R_31ZstWgGjMF0hUE,68
R_AB5EmgZmdeiU6Ln,50
R_1PRCfToAbB5NOji,51
R_33fe3hIj5qLKPlE,60
R_3dOZlSVbZvXOUPT,65
R_2UVfNDr3TyrJCk7,49
R_agTjV7Rf1V5Jqet,46
R_3ewxXXE35ZGAlV6,37
R_2cCNt7Ep8p2GkNM,49
R_3PzgeEK03z4fjSD,41
R_2rip0l21B5XfkBO,40
R_1IRBNnljNA7ZWtP,42
R_vkLAexhj1QLknDj,64
R_2uKCItQYjkS62Lf,39
R_1K3YmDRsPPcmH12,53
R_1jd09gr9IlIJo72,49
R_2wNNYzW8Z7SWUZW,23
R_3JwxJex5UA9c9lr,59
R_1dyq5MsaLv9kEMH,55
R_2rA6YuJlb4qHN04,61
R_3I00O7tcFvXRNKJ,31
R_1dGkte1GBdZ11rI,34
R_2P09pxi3f97SjmC,67
R_3n7BLYhrPW9bSHA,42
R_1Lh5wiCLd7V7vbf,56
R_3EzZkQSBdA9zjRf,62
R_1q4JABFtPQGVYhW,34
R_V23HpjP1cmZge8V,36
R_2CNhYP2TeQS36KT,55
R_cGdm8M6jpcp5H4B,25
R_3szTSpwkG46AEiV,46
R_d5aRgKeMTlXFHhv,48
R_OvBakwyizb6i5d7,45
R_TiPdho1WDmeWzsd,42
R_d0tlwpZR45ArZSx,43
R_2eVXbf8y0crxGH9,50
R_1DYyN29PYh5nIbi,73
R_1irrsqBRyVmbHSw,45
R_2vYZYBg3WNdSun8,43
R_sp7WQOBpgXWCkaB,38
R_0jN47ivyKyPqRsR,58
R_1MNdoYoj0sN2MlY,59
R_2EFzZE1UDJW0Amj,46
R_2OVaBJXXddnSBIf,44
R_3MGVb5smO6BpE7l,47
R_YW8obmkRjjyHzC9,60
R_23fTZqfko2DWrZt,43
R_yQpXk9lB6Ln0grn,51
R_31i1z9lvzS6G8km,48
R_1jVyhfvWjyVuL6R,38
R_Xk72NFHR8l4nmMh,58
R_2amFDiZDVmXneBt,58
R_3Rrduwe5Vhu9Yzd,65
R_1OYKtmmBMduEhcZ,35
R_PRo8sLkI8BXLAKB,35
R_sTBsVGLwabVrOEx,45
R_3FJ97NiJ11iJcX6,40
R_3G6t4Bd1NUPNqHP,48
R_3LZsrKIRL7Av93N,35
R_2RV86oZxMwZIi2s,49
R_1GTTynTKLq4ZvgV,40
R_ZleX6mnkJsQUwUx,33
R_3m9Jp7m3gJAYkhy,50
R_1rHOa3UG1jf3rGR,58
R_30v3MUFNicNhmO1,32
R_33se6usaqfdgUBH,33
R_1E67DmE8omsc7wP,69
R_1CrsMtyoU88EXRo,58
R_1LqcDv20i8WqPqt,47
R_1JF2bv4lpxes8GS,53
R_3PdwXwZUrYDep2z,35
R_cNKaiS8pmarozWF,35
R_6PuFPppbaoCafFT,55
R_xDc2ppuAnM4A0vf,59
R_3h5Eu9LolUGWSdk,40
R_1mmYDBqAHnsIKDb,48
R_O23zOheOKtaTSbD,58
R_1FG4CiXKJiLJuBR,49
R_2dhzqLemzauLUXW,37
R_1dEvzIhnkYpwUPv,45
R_3O7V8xNaVWzrrBm,23
R_1FCzqe7BOF54jpQ,39
R_1OSIjZASflMEDF3,66
R_30nI9buMjsI2mYF,64
R_2fD3Kz06l0rBQbq,51
R_2ASG2R1PEjw1S4G,67
R_ZIEHldRJctpAunn,31
R_2rql4Xmz56iTXtH,50
R_1NqtSyq3t6Ny5Kk,64
R_2YafdnkYwHb0rf6,61
R_PIr5uOjUNXZFH5D,51
R_3JCKHPxrm3blrAR,60
R_3EnDhjYxbZIt58X,42
R_1CwiWdyzMy1fvSC,48
R_12tjM08FxhX9zA8,29
R_21gHrMaGSxvPj71,58
R_24Pp5aw5bWHVAGY,47
R_3WZF2V7wy17iTuh,50
R_3fDZpG1l1x60cez,41
R_10MWVyxwJ8R3hRc,42
R_OqbT0bDOilLeH1D,65
R_1r6swVVguXANY6N,46
R_u1D7i9LDCcKc5Tb,61
R_3lxHk3pVvThxJfP,38
R_1gOzPEVw8L2rKF4,37
R_W1nlmKnHz20Ob3r,47
R_uyut5hFckkwckZX,54
R_r7QvEEt34le4JFL,51
R_1Lh4K1EjpnRs3iE,63
R_a2BO3N9sJSrZQdP,51
R_1P6RntyUKpVnGCe,26
R_2bI8608QhIEuTYk,58
R_cBxniCt7uDhFKZb,39
R_6Yetv2N61B1KEDv,43
R_Auhyw8n8GtOLHWN,48
R_Y5BucjUgKLYVCSJ,45
R_2Ys55e6Q3ourhWQ,52
R_23fctseOQzdho8A,47
R_3dQy70InlDe4mf4,31
R_RCgfXXZOdTDxiKZ,53
R_1IlNvDw1fku0ldx,28
R_2aJNiKhqNUXYjWd,43
R_3QGaeiPkGvOtwA2,44
R_3HZhk55eJufcsHf,28
R_2coVUnItFrWEjWH,58
R_1N38C6sdUjGbqBq,55
R_pGxRt1jpavVADlL,46
R_O0A0G6mZvQ2Sqk1,29
R_2c8FAkUsY3g4xFE,44
R_1je995RysQYoPNO,56
R_8q9Ygy4QOv9M373,40
R_0B1wpzYwEJyRopH,44
R_1H8nypLiZmnR93l,38
R_1gONmkM3V1Rinhv,51
R_31HSh2SFE1F5VzC,58
R_2AFFwgHfnNWrfdP,55
R_3kBoKEiIKeucBIi,59
R_0Du2zxNGDtmSP3r,48
R_3PBlRURkU9PnKdT,66
R_1ghB08XGJSsLgVr,68
R_3fpbi7oUC0Kb8dD,40
R_28AFvTe0P90mFmG,75
R_3Pbin7eZMDTYt0I,48
R_3FW3mUrZQFdUDMZ,42
R_3NUJor4OrgeHjyN,44
R_3R4yB86C1q3ijlw,42
R_3nDHr6bj0yqE17v,31
R_3ezc3XwFDfEaXdl,54
R_szL0bXXnx4nnt8l,45
R_2yeDCbGccxEo5HB,23
R_1FKyHE6KlUtyjq6,35
R_9SSXrcdlGd1WpCV,30
R_NVbRS571VwykFiN,56
R_6YfnHmm4kJ4ipgt,55
R_1CJvz7qtt78Or5b,54
R_1jcwRAAn5Tl7d0U,48
R_3oHIQSneTWqoqg7,46
R_24CrFdmSrOPf7mU,28
R_1eIAw31RhTtJDxU,51
R_1j97coM0uhz5umw,76
R_3CJZ8v5PVIGXmB6,62
R_0TikC0y7wO1euNX,60
R_2QEAEbF1PMitn8s,58
R_qPEdVQN41kRWdkB,46
R_2cCLWt9pvpBJd6f,76
R_3MGP9toO9FB1YSy,31
R_3iD4mjQ5GUBXsLX,40
R_3hlTH8Q3bBro5ki,56
R_3qfckfab5yzIwhZ,47
R_1LpNZVAPKKivI1e,56
R_1gtnb6hmuZ6ICEA,42
R_2ZTyHY6KjQhXCzs,47
R_2S9yA5xRYGbI7sq,58
R_9vpUD5kY83R7n5D,36
R_6nZyoAkJlcIVobL,42
R_3jeABW5jJnAftB8,63
R_2qyqPAm16Pb5kVe,48
R_3P5FDlmVbdJ7Kn3,37
R_1OiTA388VUshmQt,54
R_bCbeKzyQsdbzR2F,54
R_3O7hlyZWuLVerQB,56
R_3n5Z2koSHvfL0bV,47
R_wZ7hJKrgW2OlBFT,43
R_2sTP5cGG5iWqah4,31
R_338WI4hxtG2Ri8j,50
R_3MGbwN6Tg3IAFmw,42
R_3oXE1l2u5h1QEQV,60
R_3qmue8vWUbSWMuw,45
R_3s7C7lCMEKWloJg,68
R_WjkSfPFIlIqxmEh,52
R_3fdtehgot1BxM0I,53
R_26nqwtkjA3Kiv6h,33
R_1gnJA6HJK9Mik5j,37
R_2Pe4vbb9kuSw1H0,53
R_71BJAD7sk8ovxPb,63
R_2fkRbqPpzfP8NBx,54
R_1jBSV44Q7zd6s05,42
R_3CN5F43xJQJe7nD,39
R_AEEMhtm2da2nFL3,40
R_1et3d1K62RgoeK9,41
R_1duaV1LE9TOnzYB,60
R_afprOR5Hpfs9YBP,23
R_3emM9XK07tGm5ie,43
R_3LefVPsILBOVi9Q,43
R_p9JbFNjxbAWOA4p,50
R_1gRqIxYPQ4kJAdg,48
R_2dRTD80G0KyBIQm,48
R_Ckpav25wXJuefDP,37
R_1Q5e81duDXvXxKj,39
R_23UXoxB6eugEKJd,68
R_PAnCNf9hluOm7bX,35
R_3p5bMuwpcWpR6NB,41
R_264NBWeFENs9tQd,65
R_1Fs3sPZPdKfZayh,56
R_BxJsUGaZsA4zBbb,53
R_2yjgCV6xNUsmoGp,44
R_4JHwhsAY3UAmHLj,50
R_2D2KP6HOSU7CcQe,50
R_poWOMbBbjDTxZE5,45
R_ssZJMNXJJlgNmPD,64
R_2uVvqfO181P4rWW,23
R_3HoAQUvlXCfzBGj,20
R_3s17FTjdxpfUMu4,55
R_1loeTToccQsJISj,60
R_3HiPsiNbHdmGIW1,38
R_2bQsNPugROzgqpC,48
R_1gIyU2UsnpUycCy,47
R_1JEnnAglvBnu9FO,46
R_1QfP0XLOgeNXfwX,52
R_3fQ3xNxdcYsnn3B,68
R_3qD6JhhkFGjonrv,49
R_O3R80P2RYjB0UcV,40
R_sNefZ2cS6vsSEcV,38
R_WfcnY7pMKYuldVT,43
R_3kjpeq5scniCEgv,43
R_3koLhzC8bzjJxzC,37
R_3g8bwQ6WkZKD6uO,45
R_UoHRdb6K7s4foxb,42
R_3h9m5CoCzxiiIzQ,38
R_3QDf4iaAa56WcZE,53
R_RDKokrIC0yh44zT,46
R_2ykd9U8GslKbMXw,43
R_1GCy6rr9BbGNnEq,50
R_3hGvmKftj1sMOtK,41
R_3dQi4ZmdHtV5mOi,66
R_9zRhQloW16ikRvr,36
R_2EoZ733WKg6doAv,41
R_WjRbrusctR07CXD,37
R_1qUP0iCEfaCcS0S,60
R_2qkDogvajPsvMiV,70
R_8waVLA66bwuBIWZ,51
R_UhGBgdLzzYr58cx,34
R_1qX3DuxtkTIawX6,76
R_2vdeAnvwaeFAHHT,26
R_0kbvQNjFLM3ly4F,58
R_5ouOa33sITanGUN,52
R_xaozzMeqeedTytb,52
R_bCyEbKDcCnAWHzX,40
R_3NCJr1AtKOCIlQA,55
R_1CycqYxpKD9T9fP,60
R_1dayMhoh6zi7aU3,71
R_1gLsYUklpOtSKKi,40
R_2zNNvKCsqW95sEx,28
R_3esqif9DND0BvlP,37
R_2BnzNYeKLHABEei,59
R_78TvEJjwcngMCC5,39
R_2Vg5bqPZwkwHHBa,30
R_3qQmEyFFe81RetG,26
R_2zA7PqgMnRtRch0,50
R_1rGHrE4AeR5OVtc,33
R_2xFweGhJLAzq67w,44
R_1Fx0CyjEtkJp8HH,40
R_dmAo18nipoUo01P,42
R_3jdEpi2f88Fxt6X,31
R_3esqm8P1TGQiXWn,34
R_30clJeA6EOjRyXF,52
R_2Yc6SfJ4pBU0LhE,35
R_4VNW993KgEpI1y1,53
R_3O99eIOG41rQJxK,49
R_3p3AGwwH3HQ2E2U,35
R_vo8Nk6htca3oSVr,43
R_3ErS29Wuo3PyqYf,38
R_26c1yUQHjvU2Q2U,61
R_1HUWB9OUpoLsb85,53
R_3r05gWBZNv3oDVT,34
R_3MrJK05ckHVPoFr,53
R_3CI9LX2JSkBEBp9,54
R_25vwnqZQHs8KOi1,25
R_1P0E1IQtUyneKLa,49
R_UtlXYDj6nldHej7,61
R_TuXrN7K9MU60NfH,38
R_Drh4IbY5y4dD80V,40
R_3Pi8tZLPuhAlc4n,47
R_26l7kB9bRy8pVu4,44
R_2c7t4ce15HrygLt,54
R_cXPmXIZEyd7bmlb,54
R_3oAZRRiyrf5C62H,54
R_2cpx51ZR3zG8iqc,44
R_Ti8WWLju9slkMWR,41
R_3no5gfxbsLn1tix,32
R_AumgWa6vNQuF8Pv,26
R_3FRLrjkcZAvrsXc,77
R_2dGF653Iti2venM,29
R_240N71KUQLypBZv,72
R_PHQXFBJHDYnf8rf,48
R_SAXGm8X0fNaBokx,64
R_2VPz8mGv8Hz7Gev,34
R_3D5OoaHb1uSLTwP,34
R_2B8IWAGu0YCZMZo,56
R_30dYRUS2IyEubaO,37
R_2tKyRFCOxxSFJSH,49
R_1IlVxyCf62k133i,42
R_ueNLUW2eyasQ8Vz,37
R_1FL1sl2bQ9EO7Kv,41
R_1hygt8O4ZUrRDeZ,45
R_bC7pmtkBYlCnUBj,20
R_bxdFJsmXs8A5czL,42
R_3CIYmTiKfc54UnM,35
R_3FJqk44Yjwk8Iqs,52
R_41LB9vf2fqXVkIh,37
R_bCMbH8Z9RZZxcyt,40
R_2qxFYuPq5uhWZc2,69
R_2xwSlWa05YTKMOa,59
R_2V8sGZxR6JX3UNX,55
R_bIRIZknxYfaajC1,44
R_1gd12wOeCAzyYmG,52
R_3dDJmO3jN6ksjPR,64
R_SOANdp9Q0THBKtb,40
R_2aqtyW3yugm7RxR,27
R_3iVTGvh2PRDJ9bZ,38
R_1QGYAYbNhtQJ2Hr,47
R_1Qynggc3R4avAbW,35
R_XGLKv3qOmXVDovn,69
R_3dXNtg6JmMb9erh,26
R_3MzB9GqOHOKDTPU,62
R_2cctD3EF1SeggEt,39
R_3k4IeCopUG6h3em,49
R_5baK5NHyIqJsuhH,60
R_3smKy3k5ZFewqpZ,56
R_1M3xst3cjJw8B75,54
R_3qfeX4wV3QyCbnf,46
R_3psQT5FTQpQoh8U,43
R_29oxKaKybevwqk3,54
R_1lgZneJ74vS8iBJ,33
R_1CCpln5Rc9d2Yh5,27
R_UAqTUK0sqS2U1lT,57
R_PY5z1wgICWptHIR,27
R_3LZtC0GtZQHyim1,47
R_2cBglFOiTfRErdJ,48
R_2OHWYfJZEABYMON,64
R_29mpbdaxrNaSdAL,76
R_1JIsOd1FybvxrHM,41
R_1r8l7R24m0ndQnE,47
R_1f3NrkWn97gKf1M,36
R_3kfRL33HVw4D3DH,59
R_0OjW4iu95SqNnNv,54
R_1fecmZb9Lw3O8Of,54
R_3qIOg5aK9dc7mhO,67
R_3L7PSnN7tlE5FzW,54
R_3hhanSyNTxC8Q2H,60
R_3E9Lr7XeQ4nXDpT,52
R_31MZN2vnt37uHwx,58
R_3Eut5y8QCzAkFDr,51
R_1k0pIlBojXOXzFO,52
R_11aUBJlzwmAC6EU,69
R_Y6aNQtin89wjOVj,54
R_D2FMequApyY5FOp,25
R_1lgxnxirsq3ZV1l,28
R_2qymCxEhO5wj1PS,55
R_31cSbDhd72iCnfs,46
R_WiJQOfnJDQV40Kt,64
R_1DOl3gFvSUmoHtY,71
R_1mgRO5VOvUSB5Mb,49
R_UcPgcAIOR577UYN,34
R_3qvxVnuOXt1Dmxz,49
R_2VlKLivXWxubH9i,34
R_3D5Uhf7xPgqNAd4,79
R_3iVlRj2JplVpipu,48
R_2c5ZVexmkc3MFak,45
R_xmW0N6ZVQaGjmZb,36
R_2zu0HLXCJXNeK7f,65
R_XU3TEb2MVRgDmE1,40
R_2tnc8pm29XutyXd,52
R_3090pIUtSt1CXPN,38
R_2S6pyBUxlKXIvH5,57
R_3fiYTnZ5nOepYYD,44
R_3hbtVowoIVoUgRP,41
R_31RE4FjyOWYjC0y,49
R_22Q7TTMyjdPsu4h,58
R_BMu1uXYKi7FHH7X,55
R_2qdYoIHhFklZNMm,64
R_9Hodl7x8sLm2049,57
R_1Q3XRdeZY67Xjmq,46
R_1mzp68qID2H2ocC,31
R_xbK4ZnriRkBDbH3,34
R_1GJ3Gf7jynLmnQ8,52
R_271pWSBQp3hSG6W,22
R_1JWN4oX1MX0krvM,61
R_3JyZS5Y2JqsgQ5H,55
R_3EGs6zeFZEQiVLq,54
R_24CuCN2XZ6JcYTu,51
R_324Oz36PFhCB1d8,35
R_PMbteIVkWCRdiuZ,47
R_20qoaxxCKfKKxMZ,33
R_3mgg7JZhizGxXIR,39
R_2A1rHMHs1NYcNm6,53
R_1dAgAo796BTaJOk,40
R_12yF3DTKeRV5QRI,49
R_0iIREyvpIFthqTf,45
R_1rHXcvSBNAn4rTv,69
R_1jUGuPqDo1mmhkw,36
R_20OIRUgoMqACeD3,29
R_2RVSQMPKzVgYL6h,28
R_1jBpW6h69wqMoTx,39
R_1DMV4h1mtSOmAZu,51
R_2QnR2iFfFQcNuN2,50
R_AhXUPgJ7V7AQPtv,32
R_svAEZ1vGS4B6797,45
R_1o20dXDPgsl7KBH,64
R_SPK98FIrKiqc4CJ,62
R_3O69qS9dmIGLZhL,56
R_pB5bEbdRNHFh53X,46
R_0V5vMZ2TNuiRqr7,60
R_2bV1xC7UVTXajIb,49
R_2xWsOt5QnlWZ5Sa,43
R_2xCTzUxIkXeui7c,68
R_3PiZBN2lsKIntUc,47
R_1r3cArA6n0ECKtz,53
R_9oib22Jcbxdouyd,39
R_pDGjnqHpuWH9GUh,31
R_2y2yXfSUn9N1SYX,45
R_z6WT50yJE3Bq1QR,74
R_2yeFlNiIjw21oEW,46
R_1HjefsPZFanCmKg,48
R_3QQyGMHNidnKWL5,35
R_33v8AIPRaybvxyA,45
R_1MQkSoMChk7sTXw,47
R_1hKDDE9ZrTGci6F,65
R_3LcLYUWcZ9sL6eC,43
R_PtBRSswVJ2xzrHz,62
R_1K7Jhluw2kqvB13,43
R_3PcMi4Z7EwTko3j,52
R_1XsXDa7xidkxEtP,42
R_278UgboUPUZboYr,27
R_1JE2IMv2KDCMBzx,43
R_2PBE5RT6oi1FHAC,67
R_2f2GRToXU8urzQA,33
R_WrFuNkz6mtVM1mF,56
R_1d6L5YzaH3M57XO,24
R_2xyN6Jg30kcY8Zq,59
R_2tDSabm0Nrz2sfp,39
R_3qQzmWsCSq4FPj0,30
R_1BNzNd3avdtX59n,56
R_1g2fuMu8AyKzAwp,28
R_12fBneHOBYNHmBa,60
R_OsaELTaOH3SoHIt,59
R_1LMrbgvGGw5heGQ,35
R_2cCKt8wuD7cb0s2,54
R_1eFOt474tYiUiRu,39
R_2V86lRMHHrukNms,25
R_XvTa3GM51yxs2Mp,60
R_BqRHjIOmN3Goty1,48
R_1pQc7pMeZM8DkpQ,65
R_2qg74qEE5BZexfC,55
R_DCAqXAZvDJvTxFD,37
R_1l4tuKkFtbiHUxR,59
R_2wmd3WZguo0Z4yS,56
R_Qd0rzCdcuKT8AwN,71
R_1pSdKlBAp3xuFK0,28
R_2R9zT2ymMmeHtAT,59
R_1dFZXV7Kuxkqbal,64
R_2qxDTl6fT538Jew,62
R_1hLlpkDl5uPq1ig,50
R_2VILWEpuJu1Mhqf,42
R_2uvvVVIlaNq00wJ,50
R_338XC2MUCLjwg8i,37
R_1IuC2FSNQuGlIGi,56
R_3KDc7SPYw6fRlmI,50
R_3fJfPSVmVDNnwSV,23
R_2f2IXMSKwHtE6lM,49
R_0oM1mubG7kSBI5j,72
R_3FJ3gD6EtkynidO,32
R_3s0ldVvCOQ4W32X,32
R_1pAnOk9qESNyECU,49
R_2SrdIbHNBexuD3o,77
R_1rw8yKhSA3W9qXC,34
R_3fxByuAvCeKbQxO,37
R_2sSDPmSWlITdwSF,46
R_um1uN1qA26hCGWt,41
R_2TGnatRTVTtXdZv,51
R_1i84GM8iaYxQpwr,73
R_1k2jzpSOxqJDLBz,48
R_3U8btRYAldDTRdv,46
R_2Qujsn8vbH2TsQR,61
R_2c0jlTMhBAJXO0q,57
R_2OYFiKMWinUAaci,26
R_2usvWTFpHaVlKkm,48
R_Xi7Yzei0BplKWLD,36
R_3Gf8h8XZ9h8VUO8,38
R_ANh6iAuxAQvY4yl,34
R_3iP5p6LNMwv7D4R,55
R_2Sltw1kH15FVW9J,32
R_0umRlM1U0EyLkHf,24
R_3NP6EPoSsoVipsE,53
R_2aWghrhyDWsY42u,26
R_1ihuDojJrcpXLNg,44
R_3si5PTYvVhQ6EgQ,26
R_1mz8sVuiyAL69dF,64
R_2UVNPWoLvGiAwy3,50
R_By9R3WWznI3X01r,48
R_31aQ9gEKRlObl5M,56
R_2QfxwESUZh6u0Y2,51
R_5ceXpHy3e1wxRbr,48
R_1eDelLJ155MaXVk,51
R_2SH6xdfuTQD8hE0,44
R_PBPJ3yIr9mYT4ul,48
R_plUnCeVM4aprPOh,40
R_2zJ8wheXFgUtsp2,65
R_aas4BHO3SrACPJf,35
R_2b2ZnVVSalzLcAT,61
R_1pS9dY9HZTyHWAB,51
R_UZ1XNTVGIJFZzwt,51
R_1K7ohdK5Q59CJjN,51
R_24d7JuR2zFUPlHu,57
R_pyBFvQ1UFMyVIK5,42
R_1obhRNo9o9eaMVw,31
R_1f2hitQ0JlP9WkZ,48
R_3DdpZrzdbcWfFkx,96
R_21yAqy7pI8BneIG,47
R_71h71JKKxawMLpD,45
R_Avq8Ji8PRc5MwZr,36
R_3k7nEXsKJy0laVT,47
R_1dnxAEYI8mzccRc,41
R_3Kx4ROZZ7oLVcZ6,49
R_88rUOre21x1uFzj,76
R_cC20hRue5Oy1EYN,40
R_3Leji03PvJgFBms,50
R_1P2kjLFwGrWxDR9,51
R_Ab7lDskBQrDk2D7,37
R_3GeJ5XQqlZr5kjN,38
R_3Ev7K4bkBGzFNde,71
R_pF1ojzuWBJFkpix,63
R_3fwKeqvjtJVjycu,29
R_aeN23XaXeiSFq4V,48
R_2431TKGby5WF4qL,55
R_2YycfNwjQ1VQaB7,68
R_2Pu5gTSZXo9VrtA,48
R_vC56GzLk6WYapXj,44
R_rjPfu5ux8Li6f2F,54
R_3Kr7Z3fVypCkZCx,63
R_2U3NWy95703kp6w,53
R_DUjUFrSvxkhG6qd,42
R_2COhF7xzbZOLBX5,45
R_1IgCYAIgDzALYdu,40
R_1LAqRAUIPhGnVl3,27
R_3qR8I69QvnBJul6,41
R_tFG8EqAztnIQs01,51
R_3qINQiU2ZFB5t2Z,47
R_3Rkn2CaRBkbibiG,79
R_2qqJKMpYlq0lYGy,54
R_5dQGu6zFWvmL2i5,37
R_SC3oERhqSjMzVPH,48
R_vxekwlOshl0JqjT,69
R_1P0oXshBxdWHCzA,64
R_1IJYQ0FxrzNyXgs,47
R_9pHIDyklhb7sTHX,26
R_2SqRcTDhPqlqP5Z,47
R_3mn1u4b0rjxugpr,48
R_2qeBYa5lg3OhQrF,38
R_1C9rmH5YrNSnCeo,41
R_33a6yc2Z8LiRkbW,33
R_UH0lx5MPq16cutj,51
R_Tj8qurphwTEGlq1,43
R_SPnJPrSBAIHkRDr,73
R_Ti8VOCLSo4oYnoB,58
R_33sxL6AFD1hiyiP,55
R_214yDjSlcvaBcR4,48
R_2v8rV7Ca1iS18to,43
R_2CHQHhcbrNp8BpN,45
R_1eJY3HSRRwHb8dM,60
R_1GQeYoOIpPOgIZZ,52
R_udYsqAJwgPJcfFT,47
R_33fMDsIbpK5Us7d,45
R_ZgY60EB7a6aeqiZ,53
R_3k7AQ5R8Y8IXooj,44
R_1BYmKEN7JSnlrFG,76
R_31bnsT3NuFMhbux,39
R_1Nlaetv4Xpwfn1m,60
R_1OHWFrsCj3prRTm,25
R_3CWwpEOhXg9mfpQ,49
R_2pJnCINKIXGlKG1,44
R_3iPep4WYfU73mGY,63
R_2pRAZnDihb3nZHX,52
R_3PcvhL4yAe6A6ER,29
R_T5dhj9eWIIL1Yl3,31
R_ezc20fHioUBM6Hv,35
R_1LpOe8EtyDvnQi1,65
R_22Y0MXvV15eUdCU,59
R_oXMmsLxjZdU4PxD,43
R_3iJ7VXPrHFyVa6L,23
R_2SCgd4DCOIXDyo8,42
R_1erFgd7LkDX74Pk,44
R_2rGtHyVsai8yw2A,43
R_We7klFD4NYEooaB,38
R_2SuZQtCZXV2yEiM,30
R_xbb2BQ3BtU8Zk7n,39
R_0lwXx2b5qhFW5nH,52
R_1g72HUHOwnA1jKx,45
R_31NRGO3uf3DuiMx,57
R_3m80TH5d1hU9Qp9,67
R_2fC0wsHz7skUkRv,50
R_1giJkRzdgr1vWTb,27
R_RzCxnGd7RXTeEuJ,33
R_3kazvt5lavD3IVR,53
R_2S1Wa1KKOxdqCH2,61
R_2Y52LkOocjL7fME,53
R_vTYnqkeMbLxWGQh,44
R_2uVEiqSr5YWv0rQ,55
R_2QDmCNZpspWhAZP,61
R_9XIpbbIuok6VDYR,57
R_214GoHZk5dgMR3X,52
R_3Lc2XaaymOUwcYT,42
R_qUPRLm58uTI7ikF,63
R_10GdXYlirLY411u,26
R_2ara7JrfAhJ8KL0,51
R_2wphb4G5yoyvHwi,49
R_1oGUXGL7lOND2oZ,57
R_3XaabZdvfPlI66l,31
R_1HdwrgpNYTLfoWP,42
R_3iC0Acog4I55hV5,45
R_ZDKl4AReezcPtMl,51
R_A7DURVEmzVHmnqF,54
R_1KcC4rNsGdgz78t,44
R_YVPJrd4DWlijxRL,67
R_1mCMi5IopUWT2hD,31
R_12ukZG5D6hWTEcJ,68
R_1jjJp40hAmtlYKm,35
R_1N4l064VFkVK7jl,58
R_3ReJor4p8tOuxPQ,46
R_poWOFzFYjJp3lqV,38
R_W69YHmRvrS4KjQZ,46
R_1pEBTfqm44Sqqtw,52
R_b30tBZvrx34nDJ7,34
R_z0tJoCXSnCKOio9,55
R_30cJnLgMClvn9j2,46
R_2pL9kPMoCB1wxz3,44
R_eVi5eqKCsvsq2T7,41
R_3oNu8ANTl7JIzcs,43
R_UR5hd39iWJVOVnr,29
R_10wmR0f7sSyjfUU,51
R_1hX8X1U2mgkXkWV,61
R_x95MqKc59LCuPCx,60
R_0iT76oy9o5CVbAl,50
R_2Pj7I2EIMslvMu4,43
R_1oaHxX0UgalEuxT,38
R_2sXVNdQck3jcF9X,45
R_2QPvT5yoB0ekRP1,60
R_2VKEwbbwglRjTqR,43
R_2A0iMZ2f4ZSHFZH,44
R_1gSV2K0JZYivvUq,33
R_1I5depz6ASpP2YF,49
R_1dLhzRLrLQahdcu,39
R_BRCYe34MBsp9tkt,51
R_w1ycD7NB1Eqwfsd,50
R_2t3WywOyYvxT3vc,35
R_2xQM06KaQHfdFZB,31
R_2S8ozDhmRiAzwHg,35
R_1gzKMCLQsTCpvaf,40
R_1rNsch0uURA2TFr,70
R_1f33q09k9LvUyFZ,44
R_2v6OHR9TXeMEJSP,51
R_3pcmZGMA0KKIUPw,26
R_1gOOg4fjapeoTdN,45
R_2X4pWFHdnuwhjGl,40
R_1OPmCvE4FTZM9hV,26
R_w5UyiC3JF89PNZL,30
R_bqHPOKexyw3GVUt,50
R_BPQjGwAhP16rWRb,69
R_3htHwBmqL1P3Hvr,42
R_10C2a0cuZdYGdSB,56
R_XSYKKmuGnq7fD9L,30
R_2fm9GpK8VHtjGPW,30
R_ys6tK2IPhmHhgJz,39
R_1d3LVCWMkTZQDdF,58
R_3P80ET5L9yQsOcv,52
R_xxW0EBGcxNWEY49,42
R_2ANn5FUbkZIcyTF,29
R_2DYMicGyxbshFKW,51
R_22XP4kuSW85fEi0,39
R_2uR1WmVXckbLfA7,62
R_2SkpVgUK9mkSGWk,40
R_28UKKLw0fvc1Yn8,49
R_2EzcTNcz07DV5Y5,68
R_2riparmrpuktoUc,51
R_1li4lD3uv2VDZUW,41
R_bl9NEk48IJNc813,31
R_yvDQMipyaMhuCdj,47
R_3kufZ8db49kuIec,54
R_aY4P0l5D0z5NZLP,64
R_20S97zAcOnpuyXW,45
R_3imYcWlmQnstnAD,84
R_10SMrJ6stjTxt1E,38
R_2xL5FKlxIlDqKqa,55
R_2CB8bFwIiD7UPAl,38
R_cY2OQtNZoaOHtkt,66
R_7aDOzU9XDUaGNBD,45
R_24r5IFQfA2w8h4N,56
R_BRhubkZNQ6bulrj,66
R_BPzP5ealnnpoM25,42
R_viSuzK6ebcSilNL,40
R_tPtq07gf7qHX0n7,66
R_2CUIr9FzPnwiUXV,53
R_UsBspFZ1keMn25H,32
R_3ksNpGVv6TeL03H,35
R_3IXNeB3B09tCJkq,51
R_2BgkeCD28gLORj2,31
R_UiM8evdZca77XJD,39
R_2qCVE6FySpKxpI8,32
R_1qVe4raXsGHYi8B,77
R_3m4z2NGu5SwFVMs,51
R_BSpXiuxQGa4BJ9T,55
R_32MhJB47fCWq7KD,28
R_yHAT8DRhd86jGy5,57
R_2eOtfsNXMyyx43x,51
R_1kNDAVXwIbd7rxK,53
R_SQ0hnfqIVEUdL5D,48
R_3suFEngPi8DiVej,46
R_2y2BnmXIpQlx8a2,58
R_2VkY9oQceNmVf8E,54
R_Re4BkxCdYwsGrNT,33
R_ugl8IIlHavg4nxn,52
R_cCLtNOORJF04tuV,40
R_2w76iu45e301mST,34
R_3ltajVCpiRBmJoi,42
R_1o6I2S7zwQ9oAEY,65
R_R3N8n4Sd1jTxI41,33
R_3njG0Fh9zg6pKIk,30
R_PvoRigMy9GWNLnb,49
R_30ufjxUITckbapn,36
R_2YWy0fi18vyjykm,30
R_ym6wKv6olwdIRgd,41
R_1gHi9oYZ8HPDLM1,40
R_128UeniNy0MV8m3,28
R_AoYsJoylwmh036x,52
R_3kLqLMRV5wmwRmk,45
R_3iBWFHt1cbRl1or,47
R_1oA5XiYKWcuKTD1,56
R_1diUrRKi5bG9oGk,46
R_1jIoW2WG6uTDiMx,60
R_1IZrhFdnYFv76q9,52
R_phP4KQSPjbbQ2el,41
R_3KHJy3aDdLc2wWv,29
R_W821zAouaTFiVNf,34
R_Wwjyy7NQe69vzax,56
R_1gCPmmaww0Tj7fx,49
R_20MwkVvZ51MXn9Y,55
R_3r0A1kzMbaZyvvm,64
R_2v21LP9PDH3gNoU,55
R_2Tv1RL7UCM1LAz9,40
R_3lJIRrCvJhqToAv,54
R_shTGdWg3lCPKKch,46
R_27qvwLL6YgX7nmI,42
R_w5zanMJoiaUZkdz,46
R_23fqCP2xyvxhvHo,35
R_3HFi9MluYuWLsKC,56
R_22wWji6CminVBwE,58
R_24cIpNZXSlpn2Lt,55
R_1JW4VLbcsBpXoxw,55
R_2TRezdQ8Bk8tkXw,43
R_12yfwoch3PmyMY5,38
R_10u8eHsVJIqaaJx,48
R_1dvnKHkfioWLyIJ,56
R_C9Q59XRBKQUgXFn,56
R_3iBV2xOLBei73us,36
R_1JFN5TwnHZ1Ac6w,41
R_337MxPPecAsC8Vc,28
R_1dzD1XZmsQMSTHJ,39
R_22kTAmp831CRCt3,56
R_VKgZ5JNEhZrcYY9,51
R_3n5VPd2aA1julNr,51
R_ROat0DEbUWO4USZ,26
R_wM17j7q3vJWZqQp,35
R_21AEix5yS8P4Tio,51
R_3et3GmsRqgecein,49
R_1HcQWklprOSXvMA,48
R_1GBx7DCcLOBVWuV,22
R_3lzDrHje9MH7dEY,55
R_ZJJABfTxCe9fJL3,39
R_PMtRAnor62rE9JT,38
R_e9Z10idcaeO1oWJ,40
R_2TyPwj0kg1KpyJf,80
R_3RelQS9OGxZS7zc,47
R_3J983CnSjQiC057,44
R_3I4ARcRh2jYL8sW,53
R_1JKGdkPW3W2fNs3,28
R_BX2s3hMKzyY5IDT,25
R_1qfE8jBRwGoQYB4,59
R_1kFdH0kHagbRseK,47
R_333HXJXrWtCuWxi,59
R_2D1wMg4BGC1Si09,43
R_3NzeZzXK4oaDq5s,32
R_2xPGDYvKN3dRWix,36
R_3KJI6Haw1JUlu2h,63
R_2dYEKmjPPDzHdWK,35
R_3ekoYtT5y8FrjDE,48
R_NVCnWiSgWUeJsgF,45
R_ptN3VDtNzTMnE0F,59
R_2q4r0RxOeecndFE,66
R_3kiUzDjk6aQPBWm,51
R_3CVl679Nl1NAAZ3,45
R_sgH9WuwxA3yPqyB,60
R_1GPo4eaaoZ0slSh,32
R_2Va79uuR8i01Ks7,31
R_1lftdzqOK0n0Kku,47
R_zYlAOKMo3PGH0w9,48
R_1NbvGjZ0lrkjoK6,39
R_2SruKg0W4PkMJr0,54
R_21hMIYfzjqH4nd0,54
R_0rdN6bP5Altat2x,58
R_2dSfwuJuwxwA9d0,43
R_302HggpPdr0l6FP,60
R_1ihtGZrYcG8hSAR,56
R_10Nkrhg0DzsDILg,62
R_3PRVsQ2IM4O8GBk,56
R_21hdFfkYi1EaoMU,61
R_2rMFAq4Grjkkxqx,47
R_2EfWRo02zFd4fj5,32
R_1FzlCCTvz8u0Vqc,51
R_b1t27Ux6Ltsfsvn,22
R_3KwSepq4gO5iNlr,67
R_2BsNEOv9GvYQTB0,49
R_25BJNrL93t0vr2e,54
R_27rMLm5gBTPREOA,46
R_3hxT6zUG7YN7ToR,64
R_27sAwU5dMyvKR8P,70
R_0H7jeIMm5pV11fz,59
R_2f208tlQSA2Lfis,38
R_80NgH1eHXD6DbYR,54
R_3GiEcSF3AtiErD0,22
R_2rZ1m9itlIJL7I0,60
R_3Otx1iT9EcBiGt3,36
R_3k5jusWutxjfG31,49
R_2s4jqfM06qG2a8y,50
R_1kMRgKR34y1nRtI,49
R_e8nAAYaMRDjlVaV,50
R_4YGienLNPq1zptf,39
R_2905KepZD5aPnHf,36
R_2wGeAUpcuEs8WaN,47
R_2eWGOh7ayjbChpo,51
R_7WCERR8Df3ZbTOx,47
R_1g0x3RtTO2C8tFX,59
R_yn1cNTcWmiuzCMN,57
R_8jlLpim52ADcdvH,46
R_bvEfWxNbTnAViq5,50
R_1prkDzQCumNbhka,50
R_3hhxJZ7lbzmKDRa,37
R_eFB3dtl1ojJmk7L,37
R_3NwXiA6iFCIUODC,55
R_1hVVnUMne6MqLcL,42
R_3ltYMLbCR0uyuCk,49
R_skeTaMPTXpGwOAN,49
R_psHFVqFTYZBFS2R,44
R_1i22eOWu41FbHwy,32
R_28FI5p432aPLq2O,40
R_QiuzNOS2PZ1tNPb,36
R_10HqCvTzP3CnCpd,45
R_YYOkoFDTMiqIGGt,42
R_vfBnMyrbEHlV3rP,49
R_1Fyq1LNuefuKw1Y,58
R_qx5gJRe4vSHu46J,47
R_Z2k9XttuH5SQsxz,63
R_27CjprURCF8LmWV,40
R_2YqXhorGC1irxBG,54
R_TpFCerZ2nkJL82Z,85
R_PtfOYdSdM58geCB,48
R_3NWjrPJ1ggvwAd5,44
R_1Cg5DUX77xWG2ND,60
R_3p4n5aXxURCR8k6,52
R_bPhSn9zKuA9d94J,37
R_3CPHgwMkGdZ3F7s,21
R_1LuR4oZxx3Yl0mR,33
R_24BIXqMevrQLLbo,67
R_1Qfljzo2Zwn6lBT,26
R_2uO3CVIqP7GdPfV,38
R_6S74xnaTiUEi4H7,58
R_3hhlankvD2Zhzyi,40
R_3q8Yc0Q5gmWPCjN,49
R_2PtG6a113Hgt5E3,59
R_2xDFZIRgOnGLuz5,31
R_28OR28JqgbrlwTI,41
R_dg4mKjxapFjCEI9,61
R_26gsyzo7yI5JphM,47
R_SZyRPzLJzog9a9z,70
R_20YSpEujr4C8i6I,49
R_x94scc770khb7j3,43
R_XYdURz2zoQMkxiN,55
R_cZUzSxyc2v4sexX,63
R_1OxWqtdZ0U7qZvx,48
R_1ouRhDFRzcREL8i,39
R_3Ppi5OxmkRn4BHO,45
R_2QnrCUOQ8KNS9hU,51
R_2wt61hHMVfHw73A,36
R_ZkLF08GuOWb6wlr,63
R_2Y9OBDAZpsKCy7G,60
R_2V4GGup4jX6YSLh,54
R_1ez4S4rLFdTqpem,55
R_1HC5bg3zcLvxQBz,46
R_3TXPvROivJUNigN,57
R_yZUwFhSuYYYb8e5,47
R_29hP1T6WMPW5NVu,53
R_zVxdJQOagFPifId,46
R_xxXRq62OcJXIfap,34
R_2OJFLjjz53Q8pl6,50
R_djrXeKvk3Yyj8LD,35
R_1PRCfP6nc3xQjxM,61
R_2qrCsfDnCvvm90a,54
R_uf86EkHpgoCjUlP,30
R_3OcCqXbWU47npeH,57
R_8pqbVZx3S9fg9ZT,51
R_YVQTnuia2Cjpd4t,46
R_qRvw26WkDlszHFf,40
R_tGrYP3X81oFiiwF,59
R_3HYqSnIa8wtkjWT,41
R_2vffD0fPrdJfI4v,39
R_2fDrCgehXjL9DXM,71
R_2dEokgZrAdEIEut,47
R_2dWmy13MqfJDWjC,42
R_3CVma0KNE7BIJ1s,28
R_6A5398OUoTO4xjP,57
R_1FqC4S9thqlpYZX,42
R_3q9EgrF2vcK8hOR,51
R_Od032ZayhujkSDn,46
R_sZ204t0JVksFBWp,33
R_2eXAoY3Dp6PRl1O,59
R_3faxKFq4qPWOY5r,50
R_33wOxCU70wypK7a,57
R_sdT4edrfKuZdA0V,35
R_RXKhNMntYqkG60F,27
R_3n96lzfbMGQf9bH,54
R_2VHZB37iIOcNPPd,47
R_3Mbal4eqiOA7nbD,32
R_XM8cGAZHwDra4ql,44
R_21acEC4BYGcYuOk,45
R_1etaPWIEX3vjOSQ,27
R_3Migpp8MPQFJFtF,57
R_tMrpeK7LgnpgMoN,46
R_b9oGSnmT6qsAU0N,61
R_2TL9CyL8IOwdIO7,57
R_1QMeiQhe9Ujj6xs,64
R_3NLeAL9msAY2tq1,49
R_2wvKIuSpTpBCgBf,38
R_2RNSUwxls2GoIhj,30
R_20Pc79fJjvPd2K0,56
R_3KAVlPOgwRlk9FW,55
R_DSLaYLs6eRb1Ihr,28
R_rlL3UqtrbWijpzb,52
R_0CJljw1rm105Blf,42
R_3rHPDld0UvSKgKO,34
R_2CdoODpckOeeiro,35
R_2ylJ6F4iGw2SuXm,61
R_xmynOLiwuftXISl,27
R_2cqR1Znnv45FzDH,41
R_2rOBeSyZxGdtrHe,34
R_3n10jFaBlKzMsTI,73
R_2wKMzydq1AEAPWP,45
R_25yzKvwrOPP2g3e,69
R_1Q583LMM1Y0MnTQ,66
R_shxOWt2IXdaWF3z,39
R_2e3USo6mZauDtQ3,50
R_1DNG70WFkwGfH74,60
R_2CNQIvoxFgBjZoV,36
R_3MEfughIvUyK8kS,25
R_264mcZwZJKMmZsm,42
R_PZJV1o6N35qCzbH,56
R_xxd4hp1F9Lzoxzz,47
R_3DqEWTBPgI8hbWA,43
R_qxcY7eGOLGaYqw9,50
R_sHfKve6E5dHext7,38
R_2WBVl0niLFn9elJ,42
R_2uUn30qGeRaqirA,43
R_26bT3baj4ZHvM8B,53
R_3lFXO9nZWBNJUOe,69
R_1LuoeDmEHtDNF9f,54
R_2uZGWj8Md6jsA8J,42
R_3HnaX9fiH0kR9sV,56
R_3NPbjUZtcEoDJvc,44
R_3m3GT6lEaYhEmpK,43
R_BGw6EjBF9AtkSxH,46
R_3oA53RLFMm1tDdu,50
R_8kMjn93SFou1bln,35
R_3EDSWxtKKyy99Vx,48
R_O7fGMSSyHahtCOl,54
R_9M0TLkPnmHoV8VH,27
R_2PAoqFFMuHdnbfk,70
R_1oHXg0Yaxom9qUk,48
R_2AQLbx6EHp1xaXp,67
R_3q9cfaKi1FrzNXq,58
R_D7TNQ423spW9yKd,65
R_3freJeicsQGWNpG,76
R_3fktK0Mr0DBTIEn,46
R_3ixMCsUoGIEbyLx,27
R_2YG2q3oKJjvbwHb,61
R_33BfNBilcVzC8U2,53
R_2Si4VGihyFz7Y6V,64
R_ZfwzXLmLpVWxGPT,55
R_3fYH1lLIejLy2ME,37
R_3e2JDNRfHnCqUUK,46
R_xxSXFjbRFERh7UZ,42
R_3246INTEk1hGGZt,50
R_dbTw4QQpM2269gZ,31
R_2xE1o1J7Fc4un8d,26
R_1jZbNytL8INm0Z5,46
R_3ksQt5miPNZItRn,75
R_UzqnpDWB9ekR6Eh,31
R_1qgEHtFb9ebZ1rU,56
R_1OJ0tizceWyZX2p,44
R_3Eioj5qWNhP1TTw,54
R_1laGR7wF0PmMJcj,38
R_SBM13h7kzm1xBV7,68
R_2t3PCHVzrOdZwxb,37
R_26kF6xDb2wYgLSz,57
R_2wEu7suPYlbTFzR,58
R_2TYkNn7RAfkbSnf,56
R_YWHN7JpMkUnXtL3,58
R_21bm2I4wpg7uI19,55
R_26eUtQBXwlGV51o,45
R_31pmACihC88a6Yp,42
R_33lpsRznpjdqENz,31
R_1IHm6ceKHr2u8oe,46
R_puaqTqlIiWUWXYd,34
R_268sez2RlTMqX3y,49
R_27PbX0AyiKiqMAD,71
R_a9SAEeLkvGIqVl7,46
R_2VEdgRYlnw5yco5,59
R_aXDWsVHl8E02orn,57
R_10TA90gzTHOB5al,46
R_DM3qrgq4BnMOzkZ,50
R_2VQIMTeuv64ZRBO,51
R_1JCRBK7hR2KW4Mk,57
R_2f8uW5FB7wgfYzX,54
R_2qdFc27PDqiP2NE,44
R_6Gpg9oK8GbVKrfz,27
R_1NwAxruExoyiPmh,33
R_Xj4UupfcpNTLOvf,56
R_2PkghjHS7zr8mHt,49
R_10ViVTPZShyJKhn,50
R_W6cIcalT4jUbML7,34
R_2rI8DTOVaCAM9qd,34
R_2dp8FXH12VvQdHP,51
R_2qjDajAjOIxv87Q,35
R_1BWnt16crNsOMlO,31
R_1li1v9kxpMgAkzb,51
R_2Pcy0501eyoVd8a,50
R_1pxI0z0Ufs2PSsl,60
R_3emBLb4VmmeS03G,46
R_27apjgoY2L2KIOn,32
R_2vcbhDrxB86IIRD,44
R_21glzPy8CmH6IDb,63
R_2fl2bbownBq7zcm,32
R_9EOjRRyPCe8lb8Z,31
R_3oTnUEAzj5nrjg9,24
R_2R9xpsSEZyV8lde,55
R_svWMBeq6ET4n7jj,47
R_2WIJuuVs9wXCh3i,54
R_12AtjOkKwuBsz87,48
R_Drd21GjNvWO58dP,47
R_1GEmZI86vyPcwFP,58
R_tEhFFVsUeQtxIB3,52
R_3kzuWwJmo4vtuRz,50
R_331NjdowNGuaBuS,57
R_elgattpvxJl57kR,37
R_1q1U49NE2TnPlq2,64
R_1rky8mUIysGZUv0,71
R_1lhlqJjay8rBqMr,30
R_2trpFzndsfKnQ7z,35
R_2YVpmFAJLIoa7Pf,63
R_dhxNRvn0W2VuDsJ,76
R_1IGZVZRmpg4HPZL,51
R_1IYOkWFpGyQnsa7,41
R_3CIYnwQTsAhPSbN,23
R_22SldHZUxrM8oht,54
R_2ZEwAyRpJV4TYu8,47
R_8cqMtF7lmBAHU9r,40
R_2P6kKu81mQNlJAN,33
R_2vYs8LMzRf7NLH3,55
R_2wS2sGb1N058hFw,50
R_3P7vK1lWaeROXGv,54
R_271lXQb3BMuLIXG,47
R_3kOph4Pbp85bxvX,43
R_2DYyJkrMpwLQa1R,61
R_2bOCyi4t5oAPast,46
R_1OAKoZOGTEVGR78,54
R_DczDvdlnYAQsKCB,32
R_2ydrD21EU8tQkI3,42
R_1QEeGK6Po5PpNZv,55
R_3Gj1MqDsDnM11f7,46
R_1H66KF9jXteDqOk,48
R_eOJjJuKb0HiYThn,53
R_a4aN7RLzWvHjTm9,60
R_BVY7yPti01Hzrr3,37
R_3hAZ83NIwhy45TD,49
R_25QQQ16LEjUBIyh,45
R_3PujAOwoE0IWSvi,53
R_1TVp2jaeftUPGUN,46
R_9SkVdLNADEuPedb,55
R_32P9L12JNcVS1YA,48
R_1N2Gk2S31EYcd6V,59
R_1pxjdWvr8lmWnZ4,35
R_1OYLVNrLGMExf0b,54
R_3iFkZsqgPlEdip0,60
R_afuJRokuDQc6qdj,47
R_uxGAMb9GwrJcAs9,45
R_WATTDuUCKWZ7kGt,52
R_BqZNwpu33FbdUpr,59
R_29gnVLakUS555Qe,70
R_2PtKuno39Qbcmbt,49
R_8AfGyVB7A7KWWZj,54
R_1E4mWujrgPWMTmS,45
R_u3ViacnKHECvJzr,61
R_RWjIAHokw6DoelP,52
R_2agiE1FoB0vSu3u,74
R_29mkdYpuVxjFIIl,53
R_3gRenOW1gfXvoji,45
R_1IFz89QfBk53UaJ,37
R_24kpW928qVLOCKG,46
R_rey6TCITsgBzeqR,34
R_2zGBZUz7zRNGMwO,31
R_2aX2x8d3LCdzUyt,53
R_2RaFUfoertrN04R,100
R_2y2Fxo7bu49ZslO,40
R_1nOZMXdItb3ndyg,68
R_3p6knvOPzaJkCdA,41
R_10SrHrBW5eAx3S8,23
R_3JnkpxERMQ8qNJj,57
R_XhvOJxal0OT9mQp,60
R_qWy204GsgITNWFP,66
R_1qdZdf3MRn8mMnZ,45
R_1KpwrwuYFht9QlF,55
R_3PZYJu0ANCeuGca,31
R_svsovDyWtOdoCEp,26
R_1oulhbH64cujaUu,66
R_ub5IwTtgKTVLAlj,49
R_6KfIrfxmwPsqN0t,42
R_elYFFjHSTJ3r8Vb,23
R_ODcGNUIVrh7u9Md,64
R_2fDJaNZSxuJvWc3,66
R_2Bg758iFDnWduz4,43
R_beypsisBHj7bGZb,47
R_3fZeW8s93Dp1kM8,41
R_2dXhuvt8nrKrqDy,43
R_3ELpjmZJmzGQ6BO,59
R_1guNDSt2aSonFi6,30
R_31mjlrWU4Ki7S3e,40
R_cusjbM7MK9nNVOF,71
R_3noNQjsySx9r78f,30
R_1rrewaxox6bmxCA,35
R_1oAAYv0fwaiktmL,46
R_3VpulZ3VHqa5HKF,36
R_vCVdgVJn0QujPup,68
R_A0t8E567giuU0p3,52
R_32WMYa0HufIPSnC,48
R_3CVGUsdtaa8bl87,44
R_2ClTArPS96xhfHO,51
R_3JCMuNDyQkMRhfi,33
R_cTvNIiRVSh4YsUN,57
R_1r1igF8ovLOz7Kj,47
R_2f7R3oLNfg8DcMp,43
R_247ERXtWmPmmLbX,59
R_2rx2QE3ZuKF1Ley,40
R_xgAhoiitHqzPmTL,49
R_232j3CSj6Ccj3yf,50
R_bfMAmG64GS9HqW5,50
R_1HjJqdrpeL3LW4o,37
R_2wi4JwILYeQheja,40
R_2vYT6suV4FhYAHk,47
R_DRTQeLCiEqPWqRj,37
R_2t2N2Y7KLw7oa1r,67
R_10pfDnF5DZr5VNf,62
R_2fK8RPzSklf70Rb,48
R_WqzTVaucDFarTSp,47
R_2uJ1muQn8hB4SKq,58
R_2RWF6u4bL8rUUtl,26
R_1Iod3GtU6pk5xa5,23
R_3CDWc2pVeAmDByd,53
R_ywDvzbV4XAoXdT3,53
R_6thuPBQlqPBThNn,49
R_2VKMp7wSvOlk9LG,51
R_3PXr01C5QrwKnXU,69
R_12bfUOQW9nukQLe,38
R_3qIJBHysYzX7dZ8,64
R_1DNgjAY3UEWZ0cY,44
R_1esk2bulMAoXSUz,64
R_6yZn03BcMO6FlOF,53
R_1MMSIYGeIXxD9hC,34
R_2YgiG8B51lX6xJo,35
R_2R9DuFWVO9ahI2U,69
R_2zBKNHSFYdsoJX2,57
R_3NTV3Rk7gwHB9RV,46
R_2EbGVv78GYWe8rD,33
R_3hc0j7sfciBmhAt,52
R_e4jspuajaYG7CJb,35
R_ezFDApHgZngVlDj,59
R_3P7yIFvAhHMyMZn,56
R_2zYeahm7uSIvaw1,50
R_z6fEHG738MExcWZ,42
R_3smKsoacxwydEFo,54
R_27EBGEFi1DyziVN,50
R_szYTLzDg5nNHFrH,40
R_3PdXjHl6DqMK7S3,50
R_3HYppclVomQ1U0x,44
R_3DihSpCJbzLLuEm,50
R_3PRYjwzd7BRwFFJ,44
R_2c0LkQ70jlqwGJL,38
R_239yyz2OTi4NAfr,46
R_xsXbhRnc1fRcaVH,43
R_1qWBVU43ADdBaUa,26
R_1riwgxAYWBCssTG,51
R_qXuAubMCiyHftXX,57
R_1i4G6ibrr0McRuq,28
R_1hNnikMASP6Sgzc,52
R_2as4UmC9fyw0RRl,53
R_2qdxTpPf2ieuDyT,39
R_2wAcy90mVKvEczM,52
R_123TfmxJ21dOVzE,52
R_2bWcyUVCqF3jCXf,46
R_3dY7S4NOU6ujkTy,43
R_3HRjclSBs1MXnq3,39
R_3HCgz2GFveFwgI9,50
R_z9kJix2DRtaoEo1,31
R_BrWIkPNW6xsB4ml,29
R_daLprHwX6zDi6R3,40
R_26hGFYcKD7OfrgB,51
R_R2XhPi7vVPNmp5n,53
R_31c4bkaoC9oFDvy,55
R_oYsCMz8oHw1bvDb,59
R_33x2HdaVNLYta8g,53
R_12FjnISykgtwzz2,56
R_29nvo6n4Fs1U06X,69
R_2TSMUvlKV8fnidY,46
R_2zXP0ycT0gaUyH2,43
R_1yKWE2O5bMfs8gx,33
R_ZKKITeMMcbHiONb,31
R_3GjRnE4O0Xj6vae,38
R_1cTIF3Kr7ojhG66,35
R_2bISLmZYH5xPjuQ,59
R_1kFuH1ogpl6HF14,57
R_1OCw2n4rqih1g02,58
R_2EskES6M2p6Opai,28
R_1gjsNmko8NYrXdf,48
R_1pQlYO62MzqBVJn,24
R_5joo3Hf27ggLCmZ,43
R_AEyZKPDrXCtLLfX,67
R_1rDlIph68HBQKKf,31
R_1C4m1gMMM3ZSFQC,34
R_1MM6qfayic1H9Sy,43
R_A6vEunsl5EoPDpv,44
R_3HTuSsnhAuH5Z4w,61
R_24u8DkD6UYYxNZm,55
R_2wFC3R0mTAZ3VM9,56
R_2wohsdABYSon6vp,40
R_3oFR0GU7nTyw9HB,33
R_sqbzciQIj7rbK6d,56
R_rlL52iYVIccUSDD,22
R_1OHUdCeYKQZvkmX,44
R_3RyjTyyiyoNw3HZ,46
R_1P6MRElPiDRu8Nw,31
R_T7TExBY3X6jfrIB,52
R_1DqX9JgqYpjqteY,51
R_2V9kzYLN7JJJF8a,49
R_3OfDY3LpFwlUi2U,51
R_wMGIZtfpqOS6RI5,60
R_3ESWXOaUyeQEq17,68
R_2z6he9wp4c0Mpis,60
R_0IM30kdwHtw6DIZ,69
R_3qmTjmbpkxXtAb2,42
R_3EgNl9dMxBPLanW,29
R_3MxJQIBvL7lYmE8,50
R_2ZQ7IvQB8D0HbBI,51
R_2y44FVWF1mg4lIB,37
R_2DMjv1AWbwHBuiv,39
R_tYfqx07tfJWWaMV,67
R_2asLiXvTwKIEztv,38
R_26l5unP6ToAwR9w,38
R_3EzF3DnZbmGldE8,44
R_xtJKKJOkOPlu8V3,36
R_1gcETcTKsKqCOcK,46
R_dhbKNicUdI0YWDT,60
R_yQpubOmQQF96FY5,50
R_r9o18eVBHlLRU2J,42
R_szq7dD8BqblZ1Xr,44
R_1Ih0tsfBlk10kth,43
R_RaaMCN4WpO9dvIB,36
R_PYBUthTjgBNiFmp,45
R_3p9KHEZ5gkRkGGX,50
R_3h0ydzPbSkpXzp6,56
R_1odx6wtu1MrD36I,51
R_2atOvFyMM38QvoB,57
R_xDiDKabi0GlJWEN,57
R_1gu42mR4MGX0ykp,64
R_26gwFqupyYTBW72,51
R_9U2MHIQx5zZzgNX,63
R_vfCX2mK6n9wBPK9,62
R_C7WGekmER5CG0YV,48
R_3nctMhYIPXVEYyd,48
R_T65ekBBheg4Udbj,26
R_3JLwTUdtcLrr4nx,65
R_28Hx5wAoDBbsY6F,44
R_3qUvLm0EpZUmRYB,44
R_1DUPTqmjzCB7yQw,54
R_2t9cUvKa4X8WKLQ,38
R_rflNXcg0hkSLFO9,71
R_2EjcdZHgIZr1HXJ,44
R_1ovUFTJMCw5mJfo,33
R_sOwOFOSXbmLreaR,68
R_4O9MpEXmM2cBqff,50
R_3qdHVFrbMgQzQWX,53
R_UN5DWMIfMG50LcZ,56
R_esTEbArqRGWl1Tz,35
R_30vOgVBVhd5sKnM,63
R_PO6oqdPVCPnsWCB,36
R_296RosSwZ0GSdps,51
R_1fmheOVneaDaf2n,53
R_25LRQB6uCd0niOP,60
R_O8YFC4PjFoJyrap,54
R_2zHNh893WnMNhfo,56
R_3CZZuqpQrlz0b1u,45
R_22y4erc7aDeKsaW,39
R_3p56hPc38VAPFkH,34
R_2wnwMuewYwy1HVt,34
R_3oSHnXfYI1esO1A,55
R_3PsH9ozF53dIZVk,65
R_4ObCyWN2ESTk75f,42
R_3qX2OHRaSsk08Ne,57
R_71AiXwNbN6rYGch,51
R_12QEnXSMk2CrJGA,47
R_3mlZBsoY9hvx8EF,56
R_2VJavesQbJEPn1l,23
R_2wmd9GH07Lijv7F,56
R_6hwz9SROEejjWMh,53
R_31dssHhdeHJnl12,32
R_3D6zyo94Thp6uuA,67
R_1yLUFjLQ9xYh7Nv,61
R_247yX84yrbT0iqx,34
R_C2HKSccnR8362M9,60
R_1mfKOJ9nns55OuC,51